[
{
  "itineraryId":"IFXH5",
  "journeySrc":"Boston",
  "journeyDest":"Barcelona",
  "flightDetails": [
            {
            "flightNumber":"IB4659",
            "flightSrc":"Boston",
            "flightDest":"London",
            "flightDeparture":"00:10",
            "flightArrival":"06:50",
            "flightConfirmNum":"IFXH5",
            "flyingtime":"6h 30m"
            },
            {
            "flightNumber": "IB2318",
            "flightSrc":"London",
            "flightDest":"Barcelona",
            "flightDeparture":"10:00",
            "flightArrival":"12:25",
            "flightConfirmNum":"IFXH5",
            "flyingtime":"2h 10m"
            }
          ]
  },
  {
  "itineraryId":"IACX1",
  "journeySrc":"Bangalore",
  "journeyDest":"Amsterdam",
  "flightDetails": [
            {
            "flightNumber":"AM2456",
            "flightSrc":"Bangalore",
            "flightDest":"New Delhi",
            "flightDeparture":"20:15",
            "flightArrival":"23:10",
            "flightConfirmNum":"IACX1",
            "flyingtime":"2h 40m"
            },
            {
            "flightNumber": "AM6543",
            "flightSrc":"New Delhi",
            "flightDest":"Istanbul",
            "flightDeparture":"02:20",
            "flightArrival":"10:55",
            "flightConfirmNum":"IACX1",
            "flyingtime":"8h 30m"
            },
            {
            "flightNumber": "AM2354",
            "flightSrc":"Istanbul",
            "flightDest":"Amsterdam",
            "flightDeparture":"12:20",
            "flightArrival":"15:30",
            "flightConfirmNum":"IACX1",
            "flyingtime":"3h 0m"
            }
          ]
  },{
  "itineraryId":"IFAC2",
  "journeySrc":"Bangalore",
  "journeyDest":"San Francisco",
  "flightDetails": [
            {
            "flightNumber":"CN1298",
            "flightSrc":"Bangalore",
            "flightDest":"New Delhi",
            "flightDeparture":"17:00",
            "flightArrival":"19:40",
            "flightConfirmNum":"IFAC2",
            "flyingtime":"2h 30m"
            },
            {
            "flightNumber": "CN3126",
            "flightSrc":"New Delhi",
            "flightDest":"San Francisco",
            "flightDeparture":"02:20",
            "flightArrival":"18:00",
            "flightConfirmNum":"IFAC2",
            "flyingtime":"15h 30m"
            }
          ]
  }
]