{"tags":[{"name":"LF4300","results":[{"groups":[{"name":"type","type":"text"}],"values":[[1475126188757,"{\"LAT\":40.6700,\"LNG\":-73.9400,\"TEMP\":18.1700785364,\"BAT\":4.0,\"SPEED\":0.3,\"HEAD\":12.0}",3],[1475126188756,"{\"LAT\":33.942429,\"LNG\":-118.404631,\"TEMP\":18.1700785364,\"BAT\":4.0,\"SPEED\":0.3,\"HEAD\":12.0}",3],[1475126188755,"{\"LAT\":43.7000,\"LNG\":-79.4000,\"TEMP\":18.1700785364,\"BAT\":4.0,\"SPEED\":0.3,\"HEAD\":12.0}",3]],"attributes":{"IMEI":["358696048948767"]}}],"stats":{"rawCount":3}}]}
